Name,Name2
Ben,Spivey
Ben,Smaldino
Ben,Yoshimi
Alex D.,Jennings
Benny,Spivey
Adolfo,Kello
Jas,Balasubramaniam
Clingo,Jennings
Clingo,Holbrook
Helia,Padilla
Ket,Kello
Ket,Smaldino
Cody,Smaldino
Alex S.,Backer
Aramis,Jennings
Aramis,Noelle
Sam,Balasubramaniam
Shan,Marghetis
Shan,Smaldino
Ellis,Ryskin
New,Marghetis
New,Smaldino
Ayonna,Marghetis
Ayonna,Jennings
Ayonna,Aguirre-Munoz
Richard,Ryskin
Dennis,Noelle
Stephanie,Bortfeld
Stephanie,Yoshimi
Alejandro,Smaldino
Jordan,Smaldino
Jordan,Noelle
Cindy,Ryskin
Mariel,Backer
Zunaira,Backer
Emilio,Holbrook
Tim,Yoshimi
Shannon,Balasubramaniam
Shadi,Marghetis
Alex D.,Smaldino
Shannon,Smaldino
Smaldino,Spivey
Matlock,Spivey
Benny,Ben
Spivey,Balasubramaniam
Spivey,Shannon
Ben,Shannon
Cody,Alejandro
Cody,Alex D.
Cody,Shannon
Cody,Jordan
Alex D.,Shannon
Alex D.,Jordan
Jordan,Shannon
Kello,Spivey
Yoshimi,Kello
Balasubramaniam,Kello
Holbrook,Balasubramaniam
Shannon,Holbrook
Balasubramaniam,Bortfeld
Balasubramaniam,Noelle
Padilla,Emilio
Backer,Bortfeld
Holbrook,Padilla
Shadi,Holbrook
Shadi,Emilio
Shadi,Jennings
Ben,Noelle
Umesh,Maglio
Maglio,Matlock
Amproux,Yoshimi
Liza,Yoshimi
Jennings,Holbrook
Holbrook,Balasubramaniam
Tevin,Spivey
Tevin,Ryskin
Adam,Jennings
Sergio,Yoshimi
Sergio,Noelle
Marghetis,Matlock
Shahin,Mariel
Shahin,Backer
Shahin,Amproux
